"1978-03-05 03:08:20.992600"	"211.5"	"<pseudonym>"	"FIXATION"	"""All"""	""
"1978-03-05 04:01:50.337800"	"233.27"	"<pseudonym>"	"FIXATION"	"To get information about a particular bug using its ID or alias:"	""
"1978-03-05 05:34:10.050900"	"1266.14"	"<pseudonym>"	"FIXATION_BEGIN"	"You can also use Search Bugs to return more than one bug at a time by specifying bug IDs as the search terms."	""
"1978-03-05 07:26:52.102200"	"244.59"	"<pseudonym>"	"FIXATION"	"""last_change_time"""	""
"1978-03-05 07:34:49.680100"	"277.92"	"<pseudonym>"	"FIXATION"	"""flags"""	""
"1978-03-05 08:55:41.579100"	"677.8"	"<pseudonym>"	"FIXATION"	"The login name of the user to whom the bug is assigned."	""
"1978-03-05 09:25:51.605500"	"299.87"	"<pseudonym>"	"FIXATION"	"is_creator_accessible"	""
"1978-03-05 09:32:20.140200"	"266.32"	"<pseudonym>"	"FIXATION"	"op_sys"	""
"1978-03-05 10:36:11.093100"	"299.58"	"<pseudonym>"	"FIXATION"	"creation_time"	""
"1978-03-05 11:30:24.841800"	"343.68"	"<pseudonym>"	"FIXATION"	"classification"	""
"1978-03-05 14:22:47.491100"	"444.52"	"<pseudonym>"	"FIXATION"	"Array of objects containing detailed user information for each of the cc list members."	""
"1978-03-05 14:49:49.259800"	"609.96"	"<pseudonym>"	"FIXATION"	"Extra fields:"	""
"1978-03-05 16:25:18.224600"	"721.57"	"<pseudonym>"	"FIXATION"	"These fields are returned only by specifying _extra or the field name in include_fields."	""
"1978-03-05 16:43:04.379900"	"399.41"	"<pseudonym>"	"FIXATION"	"array"	""
"1978-03-05 16:50:27.690800"	"266.71"	"<pseudonym>"	"FIXATION"	"Each array item is a tag name."	""
"1978-03-05 16:56:12.236600"	"211.33"	"<pseudonym>"	"FIXATION"	"Note that tags are personal to the currently logged in user and are not the same as comment tags."	""
"1978-03-05 17:02:40.560800"	"1588.27"	"<pseudonym>"	"FIXATION"	"Note that tags are personal to the currently logged in user and are not the same as comment tags."	""
"1978-03-05 17:32:28.842900"	"610.2"	"<pseudonym>"	"FIXATION"	"Each array item is a tag name."	""
"1978-03-05 17:55:14.573600"	"588.26"	"<pseudonym>"	"FIXATION"	"Note that tags are personal to the currently logged in user and are not the same as comment tags."	""
"1978-03-05 18:07:04.703400"	"344.21"	"<pseudonym>"	"FIXATION"	"User object:"	""
"1978-03-05 18:13:10.889200"	"289.33"	"<pseudonym>"	"FIXATION"	"duplicates"	""
"1978-03-05 18:39:39.357100"	"399.62"	"<pseudonym>"	"FIXATION"	"Since Bugzilla 6.0, the email address of users is private and is no longer returned as part of the user object."	""
"1978-03-05 20:36:15.967600"	"432.85"	"<pseudonym>"	"FIXATION"	"Allows you to search for bugs based on particular criteria."	""
"1978-03-05 20:48:49.524000"	"514.82"	"<pseudonym>"	"FIXATION"	"In addition to the fields listed below, you may also use criteria that is similar to what is used in the Advanced Search screen of the Bugzilla UI."	""
"1978-03-05 21:07:57.279100"	"298.84"	"<pseudonym>"	"FIXATION"	"whiteboard"	""
"1978-03-05 21:56:03.978000"	"355.91"	"<pseudonym>"	"FIXATION"	"If you specify an invalid value for a particular field, you just won't get any results for that value."	""
"1978-03-05 22:17:10.066200"	"332.99"	"<pseudonym>"	"FIXATION"	"To create a new bug in Bugzilla."	""
"1978-03-06 01:43:02.376600"	"899.11"	"<pseudonym>"	"FIXATION_BEGIN"	"double"	""
"1978-03-06 02:22:38.729100"	"299.8"	"<pseudonym>"	"FIXATION_BEGIN"	"string"	""
